{
    "public/assets/btn_play_boost.png": {
        "scale": 0.868421052631579,
        "x": 1673,
        "y": 960,
        "w": 564,
        "h": 97
    },
    "public/assets/btn_open_all.png": {
        "scale": 0.868421052631579,
        "x": 1392,
        "y": 993,
        "w": 362,
        "h": 107
    },
    "public/assets/btn_chest_1200.png": {
        "scale": 0.868421052631579,
        "x": 1315,
        "y": 879,
        "w": 203,
        "h": 204
    },
    "public/assets/btn_claim.png": {
        "scale": 0.9736842105263157,
        "x": 1418,
        "y": 865,
        "w": 295,
        "h": 81
    },
    "public/assets/btn_quit_reward.png": {
        "scale": 0.9210526315789473,
        "x": 2197,
        "y": 242,
        "w": 47,
        "h": 48
    },
    "public/assets/btn_ok.png": {
        "scale": 0.868421052631579,
        "x": 1093,
        "y": 967,
        "w": 417,
        "h": 106
    }
}