{
    "public/assets/btn_pause.png": {
        "scale": 0.9736842105263157,
        "x": 2357,
        "y": 52,
        "w": 80,
        "h": 72
    },
    "public/assets/btn_open_all.png": {
        "scale": 0.8157894736842105,
        "x": 1462,
        "y": 868,
        "w": 340,
        "h": 101
    },
    "public/assets/btn_play_boost.png": {
        "scale": 0.8157894736842105,
        "x": 1717,
        "y": 839,
        "w": 530,
        "h": 91
    },
    "public/assets/btn_quit.png": {
        "scale": 1.026315789473684,
        "x": 1450,
        "y": 518,
        "w": 335,
        "h": 85
    },
    "public/assets/btn_confirm_blue.png": {
        "scale": 0.8157894736842105,
        "x": 1462,
        "y": 870,
        "w": 342,
        "h": 93
    },
    "public/assets/btn_chest_1200.png": {
        "scale": 0.8157894736842105,
        "x": 1394,
        "y": 762,
        "w": 190,
        "h": 192
    },
    "public/assets/btn_fast_start.png": {
        "scale": 1.0714285714285714,
        "x": 1572,
        "y": 424,
        "w": 160,
        "h": 170
    }
}