{
    "public/assets/btn_play_boost.png": {
        "scale": 0.8157894736842105,
        "x": 1683,
        "y": 834,
        "w": 530,
        "h": 91
    },
    "public/assets/btn_open_all.png": {
        "scale": 0.8157894736842105,
        "x": 1428,
        "y": 863,
        "w": 340,
        "h": 101
    },
    "public/assets/btn_ok.png": {
        "scale": 0.763157894736842,
        "x": 1167,
        "y": 843,
        "w": 367,
        "h": 93
    },
    "public/assets/btn_main_play.png": {
        "scale": 0.8157894736842105,
        "x": 1772,
        "y": 870,
        "w": 517,
        "h": 100
    },
    "public/assets/btn_chest_1200.png": {
        "scale": 0.8157894736842105,
        "x": 1360,
        "y": 757,
        "w": 190,
        "h": 192
    }
}