{
    "public/assets/btn_play_boost.png": {
        "scale": 0.763157894736842,
        "x": 1742,
        "y": 824,
        "w": 496,
        "h": 85
    },
    "public/assets/btn_confirm_blue.png": {
        "scale": 0.763157894736842,
        "x": 1491,
        "y": 854,
        "w": 320,
        "h": 87
    },
    "public/assets/btn_open_all.png": {
        "scale": 0.763157894736842,
        "x": 1496,
        "y": 853,
        "w": 318,
        "h": 94
    },
    "public/assets/btn_chest_1200.png": {
        "scale": 0.763157894736842,
        "x": 1429,
        "y": 752,
        "w": 178,
        "h": 180
    },
    "public/assets/btn_pause.png": {
        "scale": 0.9210526315789473,
        "x": 2350,
        "y": 69,
        "w": 76,
        "h": 68
    },
    "public/assets/btn_main_play.png": {
        "scale": 0.763157894736842,
        "x": 1828,
        "y": 859,
        "w": 483,
        "h": 93
    },
    "public/assets/btn_fast_start.png": {
        "scale": 1.0,
        "x": 1599,
        "y": 427,
        "w": 150,
        "h": 159
    },
    "public/assets/icon_box_x1.png": {
        "scale": 1.0,
        "x": 937,
        "y": 365,
        "w": 169,
        "h": 78
    },
    "public/assets/btn_quit.png": {
        "scale": 1.026315789473684,
        "x": 1472,
        "y": 513,
        "w": 335,
        "h": 85
    },
    "public/assets/btn_ok.png": {
        "scale": 0.763157894736842,
        "x": 1233,
        "y": 830,
        "w": 367,
        "h": 93
    },
    "public/assets/m3_reach_max_objective_full.png": {
        "scale": 0.9736842105263157,
        "x": 1404,
        "y": 139,
        "w": 181,
        "h": 99
    }
}